exp_name,mode,value,epoch,train_loss,val_loss,val_acc,elapsed_sec,ckpt
ep_1,epochs,1,1,0.335876,0.19424,94.4,24.487,
ep_3,epochs,3,1,0.335876,0.19424,94.4,24.617,
ep_3,epochs,3,2,0.162646,0.146685,95.75,24.548,
ep_3,epochs,3,3,0.118547,0.120862,96.36,26.024,
ep_5,epochs,5,1,0.335876,0.19424,94.4,24.179,
ep_5,epochs,5,2,0.162646,0.146685,95.75,24.01,
ep_5,epochs,5,3,0.118547,0.120862,96.36,24.296,
ep_5,epochs,5,4,0.091828,0.108335,96.73,24.399,
ep_5,epochs,5,5,0.0752,0.096426,97.13,24.337,
