exp_name,mode,value,epoch,train_loss,val_loss,val_acc,elapsed_sec,ckpt
lr_0.0001,lr,0.0001,1,0.878031,0.460418,89.67,24.51,
lr_0.0001,lr,0.0001,2,0.392204,0.326755,91.37,24.912,
lr_0.0001,lr,0.0001,3,0.307531,0.275821,92.35,24.308,
lr_0.0003,lr,0.0003,1,0.530915,0.282219,92.25,24.708,
lr_0.0003,lr,0.0003,2,0.251867,0.220964,93.81,29.545,
lr_0.0003,lr,0.0003,3,0.199489,0.18377,94.82,25.718,
lr_0.001,lr,0.001,1,0.335876,0.19424,94.4,25.35,
lr_0.001,lr,0.001,2,0.162646,0.146685,95.75,24.896,
lr_0.001,lr,0.001,3,0.118547,0.120862,96.36,24.69,
