exp_name,mode,value,epoch,train_loss,val_loss,val_acc,elapsed_sec,ckpt
lr_0.0001,lr,0.0001,1,0.785062,0.378038,90.09,26.541,
lr_0.0001,lr,0.0001,2,0.341839,0.297663,91.47,25.149,
lr_0.0001,lr,0.0001,3,0.285393,0.259949,92.65,24.885,
lr_0.0003,lr,0.0003,1,0.483658,0.262672,92.6,25.861,
lr_0.0003,lr,0.0003,2,0.238242,0.207535,94.11,25.325,
lr_0.0003,lr,0.0003,3,0.186031,0.165003,95.33,25.159,
lr_0.001,lr,0.001,1,0.319347,0.17625,94.77,25.431,
lr_0.001,lr,0.001,2,0.1447,0.115102,96.62,24.809,
lr_0.001,lr,0.001,3,0.100178,0.094294,97.12,26.307,
